FoodName,Description,CarTime,Carbon,kCals,Fat,Sugar,Protein,ACAR,ALCO,BCAR,BCRYPT,BIOT,CA,CHO,CHOL,CL,CMON,CN3,CN6,CU,ENGFIB,FAT,FE,FOLT,FRUCT,GLUC,HFE,I,K,KCALS,KJ,LACT,MALT,MG,MILK,MN,NA,NCF,NHFE,NIACEQU,NMILK,OSUG,P,PANTO,PROT,RET,RIBO,SATFA,SE,STAR,SUCR,THIA,TOTCAR,TOTNIT,TOTSUG,TRANS,VITA,VITB12,VITB6,VITC,VITD,VITE,WATER,ZN
Apple,"One apple, 125 g",0.5638,43.706,64.0335,0.6278,14.5645,0.7533,0,0,17.5778,0,1.2556,6.2778,14.5645,0,55.2446,0.0628,0.0628,0.226,0.0377,1.6322,0.6278,0.1256,0,8.4122,2.6367,0,5.0222,125.5558,64.0335,269.945,0,0,5.0222,14.5645,0.0502,1.2556,7.8472,0.1256,0.1256,0,0,10.0445,0.1256,0.7533,0,0.0502,0.113,0,0,3.5156,0.0502,17.5778,0.1256,14.5645,0,2.5111,0,0.1256,7.2822,0,0.1256,108.2291,0
Banana,"One banana, 100 g",1.0706,82.9946,85.4744,0.1055,19.0999,1.2663,12.662845,0,21.104785,0,3.165695,6.331455,21.421335,0,115.021075,0.01053,0.021125,0.01053,0.105495,0.84422,0.105495,0.31655,14.77333,7.91427,8.33638,0,3.165695,348.228985,85.474415,367.223285,0,0,28.49145,19.09986,0.37986,0,6.595225,0.31655,1.05521,0,0,24.27048,0.42211,1.266265,0,0.042185,0.042185,0,2.32154,2.849145,0.147745,27.43624,0.211055,19.09986,0,4.22097,0,0.31655,9.1806,0,0.211055,79.14296,0.211055
Beans,"Tinned Baked Beans, 150 g",2.7991,216.9869,117.1729,0.7233,6.9436,7.2329,0,0,33.2713,0,4.3397,60.7563,21.6987,0,681.3389,0.0868,0.217,0.1881,0.3472,5.497,0.7233,2.0252,41.9508,1.1573,0.8679,0,0,393.4696,117.1729,496.1767,0,0,43.3974,0.7233,0.4774,377.5572,9.0411,2.0252,2.4592,6.2203,0,127.299,0.1447,7.2329,0,0.0434,0.1302,4.3397,14.7551,4.9184,0.3038,33.2713,1.1573,6.9436,0,5.7863,0,0.1447,0,0,0.5786,105.311,0.8679
Beef Mince,"Stewed or Cooked, 125 g",37.0875,2875,221.1872,10.872,0,30.8662,0,0,9.9972,0,1.24956,17.4951,0,93.7233,76.22838,4.31136,0.0999,0.18738,0.0999,0,10.872,2.87424,24.99282,0,0,1.12464,12.4965,349.90056,221.18724,927.2367,0,0,22.4937,0,0,93.7233,7.8102,1.74942,11.6217,0,0,206.19144,0.49986,30.86622,4.9986,0.16254,4.73616,9.9972,0,0,0.03744,9.9972,4.9986,0,0.5373,6.24816,3.3741,0.24984,0,0.68724,0.37494,83.22642,6.99804
Blueberries,100 g,1.5611,121.0118,40.3373,0.2017,9.1767,0.9076,0,0,14.118,0,2.0169,10.0843,9.1767,0,53.4469,0.1008,0.0504,0.0504,0.0605,1.5126,0.2017,0.6051,8.0675,5.2438,3.9329,0,2.0169,66.5565,40.3373,170.425,0,0,5.0422,9.1767,0.6958,2.0169,6.3027,0.6051,0.5042,0,0,16.1349,0.2017,0.9076,0,0.0403,0,0,0,0,0.0403,14.118,0.1008,9.1767,0,2.0169,0,0,5.8489,0,0.9076,86.4226,0.1008
Toast,"2 Slices of Toasted Bread, 80 g",1.2513,97,235.477,2.1625,3.364,7.9293,0,0,0,0,0.8009,141.7668,49.1778,0,648.7631,0.3444,0.0561,0.4886,0.1121,1.8422,2.1625,1.2815,20.0236,0.1602,0,0,3.2038,119.3404,235.477,1000.3767,0,3.1237,18.4217,3.364,0.3925,392.4617,4.5654,1.2815,2.8834,0,0,76.0895,0.3204,7.9293,0,0.0641,0.5286,4.0047,45.7338,0,0.2243,0,1.3616,3.364,0.024,0,0,0.0801,0,0,0.1602,22.106,0.6408
Bread,"2 Slices of Bread, 80 g",0.5418,42,241.0653,2.0343,3.7635,8.8492,0,0,0,0,1.0172,180.0361,50.0439,0,681.4926,0.4069,0.061,0.5899,0.1729,2.3395,2.0343,1.6274,24.4117,0.3051,0,0,4.0686,139.35,241.0653,1026.3075,0,3.4583,24.4117,3.7635,0.4984,406.8613,5.7978,1.6274,3.7635,0,0,99.681,0.4069,8.8492,0,0.0712,0.3662,6.1029,46.2805,0,0.2441,0,1.5257,3.7635,0.0203,0,0,0.1017,0,0,0.2034,39.1604,0.8137
Broccoli,"Cooked Fresh, 75 g",1.5549,120.5336,21.0934,0.3767,1.2053,2.486,0,0,450.4943,0,3.0133,26.3667,2.1093,0,37.6668,0.0377,0.0979,0.0452,0.0377,1.7327,0.3767,0.452,25.6134,0.6027,0.6027,0,1.5067,159.707,21.0934,89.6469,0,0,10.5467,1.2053,0.1507,4.52,4.7083,0.452,1.0547,0,0,44.4468,0.226,2.486,0,0.0452,0.0904,0.7533,0.5273,0,0.0301,450.4943,0.3767,1.2053,0,75.3335,0,0.0753,32.7701,0,1.2807,68.4028,0.3013
Butter,"Salted Butter, 2 tbsp",4.754,368.5293,237.131,26.1772,0.224,0.192,0,0,191.0488,0,0,5.7603,0.224,71.0433,318.0947,5.8563,0.2208,0.4672,0.0032,0,26.1772,0,0,0,0,0,12.1606,9.2804,237.131,975.4051,0.224,0,0.64,0.224,0,193.929,2.0417,0,0.032,0,0,7.3603,0.032,0.192,259.212,0.0224,16.9384,0,0,0,0,191.0488,0.032,0.224,0.976,291.2135,0.096,0,0,0.2784,0.608,4.7682,0.032
Tomatoes,1/2 a Tin of Tomatoes,0.7095,55,23.4538,0.1234,4.6908,1.3578,0,0,370.3236,67.8926,1.2344,13.5786,4.6908,0,91.3464,0.0246,0,0.037,0.0864,0.864,0.1234,0.7406,7.4064,2.3454,2.3454,0,2.4688,261.6954,23.4538,98.753,0,0,12.3442,4.6908,0.111,6.172,7.715,0.7406,1.111,0,0,20.985,0.1234,1.3578,0,0.037,0.0246,0,0,0,0.1234,404.8872,0.2468,4.6908,0,67.8926,0,0.1234,6.7892,0,1.7282,114.6768,0.1234
Carrots,"A Small Raw Carrot, 50 g",1.4554,112.8218,16.7508,0.1971,3.5472,0.2463,2576.6727,0,4507.4528,0,0,12.8095,3.7936,0,60.1059,0.0542,0.0049,0.0345,0.0148,1.0346,0.1971,0.0985,3.9414,0.5419,0.5419,0,0,87.6956,16.7508,71.9301,0,0,3.4487,3.5472,0.0345,13.3021,3.0792,0.0985,0.1971,0,0,7.8827,0.1478,0.2463,0,0.0049,0.0493,0,0.0493,2.4634,0.064,5795.7892,0.0493,3.5472,0,966.1291,0,0.0493,1.1824,0,0.0493,43.8478,0.0493
Cauliflower,"Cooked Fresh, 60 g",0.2885,22.361,18.2667,0.5669,1.5117,1.1968,0,0,0,0,0.6299,11.9678,2.2046,0,34.0139,0.0441,0.2394,0.0693,0.0189,1.0078,0.5669,0.3149,30.2345,0.6299,0.5669,0,0,135.4256,18.2667,76.8461,0,0,7.5586,1.5117,0.0882,4.4092,3.9368,0.3149,0.5669,0,0,28.3449,0.3149,1.1968,0,0.0189,0.1008,0.6299,0,0.3149,0.0567,0,0.189,1.5117,0,0,0,0.126,18.8966,0,0.063,58.1385,0.126
Cheese,"2 Slices of Cheddar Cheese, 57g",6.7648,524.4,237.8216,19.9519,0.0572,14.5208,0,0,80.6078,0,2.2867,422.4764,0.0572,55.4536,594.5541,4.7965,0.1258,0.2858,0.3544,0,19.9519,0.1715,17.7223,0,0,0,17.1506,42.8765,237.8216,986.1594,0.0572,0,16.5789,0.0572,0.0172,413.3294,3.6474,0.1715,3.9446,0,0,288.7017,0.2858,14.5208,208.0939,0.223,12.3942,3.4301,0,0,0.0172,80.6078,2.2867,0.0572,0.8232,221.8144,1.372,0.0572,0,0.1715,0.2858,20.9237,2.3439
Parmesan Cheese,"A Sprinkling of Shredded Cheese, 2 tbsp",3.2734,253.75,132.1599,9.4568,0.1468,11.6594,0,0,74.0095,0,0.8811,326.5818,0.1175,28.1941,325.9944,2.2203,0.047,0.1674,0.1703,0,9.4568,0.2643,3.5243,0,0,0,21.1456,38.4732,132.1599,550.0788,0.1468,0,12.6286,0.1468,0.0206,196.7714,1.8737,0.2643,2.7019,0,0,218.798,0.1175,11.6594,104.8468,0.1116,6.2644,3.5243,0,0,0.0088,74.0095,1.8209,0.1468,0.3642,117.1818,0.7636,0.0294,0,0.0881,0.235,6.8429,1.5272
Chicken,"Grilled Chicken Breast, 215 g",11.2086,868.8842,312.3508,4.6431,0,67.5353,0,0,0,0,4.221,12.6629,0,198.385,141.4021,1.815,0.1477,0.612,0.0844,0,4.6431,0.8442,12.6629,0,0,0.4221,14.7734,970.8202,312.3508,1321.1597,0,0,75.9772,0,0.0211,116.0763,13.1905,0.4221,46.4305,0,0,654.2484,3.5878,67.5353,0,0.2744,1.2452,33.7677,0,0,0.2955,0,10.7634,0,0.0422,0,0,1.2663,0,0.6331,0.4221,140.5579,1.6884
Chips,"Cooked from Frozen, 125 g",4.2496,329.4289,309.1564,16.8516,1.7738,3.6744,0,0,0,0,0,13.9374,38.1377,0,160.9134,8.9199,1.0896,3.9151,0.114,1.5204,16.8516,0.6335,15.2044,0.7602,1.0136,0,3.8011,861.5833,309.1564,1296.1761,0,0,40.5451,1.7738,0.2661,3.8011,13.2025,0.6335,1.3937,0,0,65.8858,0.5068,3.6744,0,0.0127,2.0273,0,36.3639,0,0.3548,0,0.6335,1.7738,0,0,0,0.1267,21.793,0,3.6744,67.4062,0.6335
Fizzy Drink,One Bottle Regular Cola,2.193,170,135.5495,0,36.0363,0,0,0,0,0,0,19.836535,36.036345,0,0,0,0,0,0,0,0,0,0,11.240655,11.571305,0,0,3.306075,135.5495,575.259005,0,0,3.306075,0,0,0,20.663075,0,0,36.036345,0,99.18259,0,0,0,0,0,0,0,13.224385,0,0,0,36.036345,0,0,0,0,0,0,0,294.57226,0
Sweetcorn,1 Corn on the Cob,0.712,55.1947,58.6991,1.6646,2.1903,3.154,0,0,15.7699,17.5221,0.8761,3.5044,8.323,0,55.1946,0.4205,0.0263,0.6396,0.0788,2.2779,1.6646,0.6133,21.0265,0.0876,2.1027,0,0,291.7431,58.6991,248.814,0,0,36.7964,2.1903,0.2804,0,5.4757,0.6133,2.5407,0,0,93.7433,0.3504,3.154,0,0.0701,0.2103,0.8761,5.9575,0,0.219,24.531,0.5257,2.1903,0,4.3805,0,0,3.154,0,0.3504,66.584,0.7885
Breakfast Cereal,"Cornflakes, 70 g, with Milk, 100 ml ",4.9497,383.7004,325.7254,2.41,11.0105,8.8212,11.6359,0,85.0872,0,1.4545,1.4545,66.7608,0,545.4311,0.0945,0.0073,0.2036,0,1.5272,0.6545,5.8179,120.7221,1.2363,1.4545,0,0,72.7241,276.3517,1178.8583,0,0,9.4541,2.6181,0.0655,363.6207,4.5453,5.8179,9.6723,3.3453,0,35.6348,0.1454,5.0907,0,0.8727,0.1454,6.5452,60.7974,3.3453,0.6545,90.9052,0.8,5.9634,0,15.2721,1.5272,0.8727,0,3.0544,0.0727,2.4726,0.1454
Courgette,"One Courgette, 60 g",0.3211,24.8886,11.3401,0.2387,1.134,1.1937,0,0,262.6135,0,0,11.3401,1.1937,0,15.5181,0.0179,0.0716,0.0477,0.006,0.7162,0.2387,0.3581,18.5023,0.5372,0.4775,0,1.1937,125.3383,11.3401,48.3448,0,0,10.1464,1.134,0.0597,0.5968,3.7303,0.3581,0.2984,0,0,21.4866,0.0597,1.1937,0,0.0119,0.0597,0.5968,0.0597,0.1194,0.0477,262.6135,0.1791,1.134,0,43.57,0,0.0597,6.5653,0,0.0597,55.5069,0.1194
Cucumber,"1/2 a Raw Cucmber, 100 g",0.372,28.8377,13.9217,0.5966,1.1933,0.9943,0,0,73.58571,0,0.99429,20.8824,1.19328,0,66.62502,0,0.12936,0.12936,0.0297,0.69597,0.59664,0.29832,13.92171,0.69597,0.49731,0,2.9832,155.12673,13.92171,59.664,0,0,9.94389,1.19328,0.08943,3.97749,6.21489,0.29832,0.29832,0,0,22.87131,0.29832,0.99429,0,0.0198,0.18909,0,0,0,0.0297,73.58571,0.19899,1.19328,0,11.9328,0,0,2.08824,0,0,95.95971,0.09933
Digestive,2 Plain Digestives,1.5403,119.4036,174.397,8.023,6.5916,2.3354,0,0,0,0,1.5066,35.7834,24.7094,0.7534,135.6004,3.8344,0.0302,0.825,0.0792,1.017,8.023,0.678,4.1434,0,0,0,0,80.9836,174.397,731.865,0,0,11.6766,0.5274,0.3428,211.3104,2.147,0.678,1.1676,6.0644,0,44.8234,0.1884,2.3354,0,0.0076,2.9042,1.5066,18.1178,6.5916,0.0452,0,0.4144,6.5916,0.0038,0,0,0.0376,0,0,1.9964,1.0546,0.339
Chocolate Digestive,2 Digestives Half Coated in Chocolate,4.1597,322.4597,168.6606,8.8824,8.3985,2.1774,0,0,0,0,1.7281,34.5616,21.35905,2.0737,96.77245,3.0518,0.02765,0.78455,0.1106,1.0714,8.88235,0.7258,2.4193,0,0,0,2.76495,89.1689,168.6606,707.4759,0,0,12.7878,0.8295,0.2281,121.3112,1.97,0.7258,1.1751,7.53445,0,42.8564,0.20735,2.1774,0,0.0242,4.3824,1.03685,12.9606,8.39845,0.038,0,0.3802,8.39845,0.0138,0,0.03455,0.03455,0,0,0.7949,0.6221,0.2765
Eggs,Two Eggs,5.0057,388.0355,163.7449,10.9926,0,16.1454,0,0,0,0,19.46616,62.9788,0,412.22488,204.96736,4.2024,0.16032,1.58016,0.08016,0,10.99264,2.29016,34.35208,0,0,0,59.5436,161.4548,163.74488,681.31616,0,0,16.03096,0,0.04584,171.7604,7.15672,2.29016,4.23672,0,0,234.7392,1.48856,16.14544,137.40832,0.53816,3.09168,30.91688,0,0,0.0916,0,2.63368,0,0.01144,137.40832,2.29016,0.11448,0,3.66424,1.83208,86.33824,1.48856
Grapes,"Handful of Grapes, 30 g",0.3068,23.7826,18.7598,0.0605,4.5992,0.2118,0,0,0,0,0,2.4206,4.5992,0,13.3134,0,0.0061,0.0182,0.0212,0.2118,0.0605,0.0605,1.8155,2.3904,2.2088,0,0.3026,65.6595,18.7598,79.5781,0,0,1.8155,4.5992,0.0182,0.3026,1.8911,0.0605,0.0908,0,0,5.749,0.0303,0.2118,0,0.003,0.0242,0,0,0,0.0121,0,0.0303,4.5992,0,0,0,0,0.6052,0,0.0605,25.0232,0
Ham,"Four Slices of Ham, 190 g",11.2989,875.8829,218.9707,7.426,1.1425,36.9394,0,0,0,0,5.7123,13.3287,1.1425,110.4374,2014.5307,3.0846,0.1333,0.9901,0.1904,0,7.426,1.3329,3.8082,0,0.7616,0.5712,5.7123,628.3508,218.9707,921.5812,0,0,43.7941,0,0.019,1578.4933,11.9006,0.7616,18.2793,1.1425,0,580.7485,1.9041,36.9394,0,0.3237,2.4753,20.945,0,0.3808,1.5233,0,5.9027,1.1425,0.0571,0,1.3329,1.1425,0,1.1425,0,137.0947,3.6178
Instant Cereal,"1 Packet Hot Oat Cereal Made with Water, no Sugar",1.2137,94.082,133.6763,2.9787,0.4359,4.0684,0,0,0,0,4.7223,17.436,24.2288,0,87.1802,1.2423,0.0254,0.9299,0.0944,3.2329,2.9787,1.3077,10.171,0,0,0,1.8163,124.5951,133.6763,566.3082,0,0.218,37.7781,0.4359,1.3368,3.6325,2.1178,1.3077,1.2351,0,0,132.5866,0.1453,4.0684,0,0.4141,0.5776,1.8163,23.7929,0.218,0.3124,0,0.6902,0.4359,0.0036,0,0.2906,0.109,0,0,0.109,2.0342,0.7265
Jaffa Cakes,2 Jaffa Cakes,1.3588,105.3361,122.6152,2.9242,18.3424,1.4621,0.6646,0,1.6615,2.326,1.3292,15.2854,24.0578,2.9906,26.5832,1.0567,0.0166,0.1661,0.0731,0.3323,2.9242,0.864,2.9906,0.6314,2.9574,0,1.6615,44.1946,122.6152,518.7054,0.0665,2.0934,9.6364,0.4984,0.1063,33.229,1.8941,0.864,0.6314,17.844,0.4984,32.5645,0.1661,1.4621,4.9844,0.0432,1.6315,0.9969,5.7486,12.1286,0.0432,3.3229,0.2658,18.3424,0.0033,5.6489,0.1329,0.0332,0.5317,0,0,4.4527,0.2326
Leeks,"Cooked Fresh, 100 g",2.0604,159.7175,20.9629,0.6988,2.3958,1.1979,0,0,149.7351,0,0.9982,19.9647,2.5954,0,42.9241,0,0.2396,0.1597,0.02,1.697,0.6988,0.6988,39.9294,0.7986,0.6988,0,1.9965,149.7351,20.9629,86.8464,0,0,1.9965,2.3958,0.1996,5.9894,6.239,0.6988,0.5989,0,0.3993,31.9435,0.0998,1.1979,0,0.02,0.1098,0.9982,0.1996,0.4991,0.02,149.7351,0.1996,2.3958,0,24.9559,0,0.0998,6.9876,0,0.7986,92.0372,0.1996
Lettuce,"Raw Lettuce, 40 g",0.1928,14.9447,4.2785,0.0389,0.5445,0.4667,0,0,23.3371,0,0.389,9.3348,0.5445,0,30.3382,0,0.0156,0.0078,0.0117,0.5056,0.0389,0.0389,23.3371,0.3112,0.2334,0,0.389,86.3472,4.2785,18.6697,0,0,3.5006,0.5445,0.0545,3.5006,2.4309,0.0389,0.2723,0,0,8.5569,0.0778,0.4667,0,0.0194,0.0078,0,0,0,0.0545,23.3371,0.0778,0.5445,0,3.8895,0,0,0.5445,0,0.2334,37.3782,0.0778
Milk Chocolate,A Milk Chocolate Bar,2.1801,169,259.042,15.5225,27.9505,3.6435,0,0,10.9805,0,0.998,112.8005,27.9505,10.9805,94.8325,4.7115,0.05,0.514,0.1545,0.649,15.5225,1.048,4.492,0,0,0,25.455,225.102,259.042,1083.5835,4.592,0,28.4495,4.592,0.1495,44.4215,3.1845,1.048,1.3475,23.3585,0,111.802,0.3495,3.6435,32.9415,0.2645,9.3385,1.4975,0,23.3585,0.06,10.9805,0.549,27.9505,0.08,34.938,1.048,0.1,0,0,0.1995,0.7985,0.549
Milk,"2\% Semi-skimmed Milk, 175 ml",3.4577,268.0386,86.404,3.0722,8.8324,6.5283,0,0,17.2808,0,7.68035,230.41065,8.8324,11.52055,167.0477,0.71045,0.0192,0.096,0,0,3.07215,0,23.04105,0,0,0,71.0433,301.45395,86.404,366.73695,8.8324,0,19.2009,8.8324,0,78.72365,12.25015,0,1.7281,0,0,184.3285,1.9201,6.5283,40.32185,0.48,1.9393,1.9201,0,0,0.0576,17.2808,0.96005,8.8324,0.1344,44.16205,1.7281,0.192,3.8402,0,0.192,171.65595,0.76805
Salad,"Mixed Leaf, 100 g",1.095,84.8835,13.7935,0.212,1.061,1.91,0,0,466.8605,3.183,1.061,71.09,1.061,0,89.128,0.0105,0.106,0.0425,0.0745,1.3795,0.212,0.6365,79.5785,0.6365,0.4245,0,2.122,335.2905,13.7935,59.4185,0,0,24.404,1.061,0.297,15.9155,6.6315,0.6365,1.061,0,0,31.8315,0.3185,1.91,0,0.106,0.032,1.061,0,0,0.1485,467.9215,0.3185,1.061,0,78.5175,0,0,9.231,0,0.5305,100.6935,0.3185
Mushrooms,"Uncooked Mushrooms, 50 g",0.5352,41.4882,4.6674,0.1556,0,0.726,0,0,0,0,5.7046,1.5558,0.0519,0,48.23,0.0052,0.0674,0.0156,0.1815,1.0372,0.1556,0.1556,7.779,0,0,0,1.0372,112.018,4.6674,19.1883,0,0,4.1488,0,0.0259,1.5558,3.2413,0.1556,1.3484,0,0,38.8951,0.6742,0.726,0,0.1348,0.0363,8.2976,0.0519,0,0.0467,0,0.3112,0,0,0,0,0.0519,0,0,0,48.2818,0.4667
Onion,1 Medium Raw Onion,0.3302,25.6002,48.882,0.1397,8.6591,1.676,0,0,13.9663,0,1.3966,41.8989,11.0334,0,75.4179,0.0279,0,0.0698,0.0559,1.5363,0.1397,0.419,15.3629,2.5139,3.2122,0,2.7933,192.7347,48.882,209.4943,0,0,11.173,8.6591,0.1397,4.1899,8.7289,0.419,0.6983,0,0,32.1225,0.1397,1.676,0,0.0279,0.0279,0,0,2.9329,0.1536,13.9663,0.2793,8.6591,0,2.7933,0,0.1397,4.3295,0,0.419,111.5906,0.1397
Orange Juice,"1 Glass Unsweetened Juice, 190 ml",1.9096,148.0303,64.0335,0,16.0084,1.13,0,0,30.1334,90.4002,1.8833,22.6001,16.0084,0,131.8336,0,0,0,0.0565,0.3767,0,0.1883,60.2668,4.52,3.7667,0,1.8833,308.8674,64.0335,274.9673,0,0,18.8334,0,0.0565,5.65,11.7709,0.1883,0.7533,16.0084,0,30.1334,0.3767,1.13,0,0.0377,0,0,0,7.7217,0.6215,75.3335,0.1883,16.0084,0,13.1834,0,0,58.7601,0,0.3767,168.3704,0.1883
Parsnips,"1 Parsnip Cooked from Fresh, 90 g",1.8927,146.7219,60.5228,1.1004,5.9606,1.4672,0,0,27.5104,0,0,45.8506,11.8295,0,30.2614,0.4952,0.0092,0.1742,0.0367,4.31,1.1004,0.5502,37.5975,0.4585,0.7336,0,1.834,320.9542,60.5228,254.9294,0,0,21.0913,5.9606,0.2751,3.668,5.7313,0.5502,1.0087,0,0.5502,69.6929,0.2751,1.4672,0,0.0092,0.2109,1.834,5.8689,4.1266,0.0642,27.5104,0.2751,5.9606,0,4.5851,0,0.0917,9.1701,0,0.917,72.1688,0.2751
Pasta Sauce,1/2 Jar Tomato Based Sauce,1.0682,82.8073,111.0466,3.0715,15.3575,3.544,0,0,1382.1757,0,7.0881,75.6062,18.6653,0,1370.3622,1.4412,0.0236,0.8978,0.2835,3.7803,3.0715,1.4176,11.8135,6.6155,6.143,0,0,876.5593,111.0466,470.176,0,0,44.8912,12.7585,0.3544,779.6889,14.7668,1.4176,2.8352,2.599,0,77.9689,0.9451,3.544,0,0.0473,0.4253,2.3627,3.3078,2.599,0.1418,1382.1757,0.4725,15.3575,0,231.544,0,0.7088,0,0,6.6155,199.1751,0.4725
Spaghetti,"Cooked Spaghetti, 100 g",1.7303,134.129,141.9574,0.6041,1.0068,4.4299,0,0,0,0,1.0068,27.18335,31.7139,0,55.37345,0.0705,0.01005,0.23155,0,1.5102,0.60405,0.60405,7.04755,0.1007,0,0,0,41.2784,141.95735,605.0807,0,0.9061,21.1426,1.0068,0.33225,3.02035,5.7387,0.60405,1.71155,0,0,66.44815,0.20135,4.4299,0,0.01005,0.0906,5.03395,30.7071,0,0.08055,0,0.80545,1.0068,0,0,0,0,0,0,0.1007,65.34065,0.5034
Pears,1 Medium Pear,0.6553,50.7969,80.8988,0.1881,20.5069,0.5644,0,0,26.3391,0,0,13.1696,20.5069,0,120.4075,0.0188,0.0753,0.0188,0.0941,3.0102,0.1881,0.1881,11.2882,12.417,5.8322,0,1.8814,197.5436,80.8988,342.4088,0,0,9.4068,20.5069,0.0941,1.8814,11.7585,0.1881,0.5644,0,0,16.9323,0.1881,0.5644,0,0.0753,0.0376,0,0,2.2576,0.0564,26.3391,0.1881,20.5069,0,3.7627,0,0,5.8322,0,0.1881,160.2925,0.1881
Peas,"Cooked from Frozen, 85 g",1.3781,106.8308,60.68,0.7692,5.6408,4.8716,0,0,245.2832,0,0,30.7672,9.23,0,62.3892,0.0768,0.0684,0.3332,0.1196,3.846,0.7692,1.5384,51.2788,0,0,0,1.7092,152.9816,60.68,258.9576,0,0,23.0756,5.6408,0.2992,3.4184,5.3416,1.5384,2.564,0,0,77.7728,0.0856,4.8716,0,0.0684,0.1452,0,3.5896,5.6408,0.5044,245.2832,0.7692,5.6408,0,41.0228,0,0.0856,14.7852,0,0.0856,66.3204,0.6836
Red Pepper,1 Fresh Bell Pepper,2.6781,207.6062,34.656,0.33,6.9312,1.32,0,0,897.7578,118.821,4.9506,11.5518,7.0962,0,79.2138,0.0168,0,0.033,0.0828,1.65,0.33,0.66,123.7716,3.6306,3.3006,0,4.9506,356.4624,34.656,148.5264,0,0,18.153,6.9312,0.198,1.65,10.3146,0.66,0.99,0,0,37.9566,0.495,1.32,0,0.099,0.0498,0,0,0,0.1158,957.168,0.165,6.9312,0.1488,160.0782,0,0.33,207.1116,0,1.65,153.312,0.33
Pizza,2 Slices of Pizza with Meat Topping,13.4397,1041.8381,571.9026,23.0534,8.2017,23.9401,6.65,0,558.6026,70.9337,13.3001,328.0682,71.377,48.7669,1640.3408,7.7362,0.6428,2.8817,0.5763,3.7684,23.0534,2.8817,35.4668,2.8817,2.8817,0,19.9501,556.3859,571.9026,2402.8776,0,0.2217,48.7669,6.2067,0.4877,997.5046,13.8542,2.8817,8.2017,1.7733,0,350.2349,1.33,23.9401,137.434,0.4212,9.5095,15.5167,63.1753,2.2167,0.399,596.2861,3.7684,8.2017,0.5985,234.9677,1.1083,0.4433,13.0784,0.1995,3.325,103.2971,2.8817
Crisps,Single Packet Potato Crisps,1.3727,106.4088,241.7491,14.1225,0.4413,3.0403,0,0,14.2205,0,0.4904,23.5374,27.3623,0,490.3632,10.989,0.0343,1.1965,0.0981,2.2557,14.1225,0.7355,30.4025,0,0,0,0.9807,651.2024,241.7491,1012.1097,0,0,30.8929,0.4413,0.1961,296.1794,3.0648,0.7355,2.3537,0,0,66.199,0.3923,3.0403,0,0.0785,1.2161,0.4904,26.9209,0.4413,0.0441,14.2205,0.4904,0.4413,0.0147,2.4518,0,0.1471,8.3362,0,4.4623,2.1086,0.4413
Potato,"1 Boiled Potato, 135 g",0.3472,26.9158,100.5945,0.1359,1.0875,2.4469,0,0,0,0,0,8.1563,23.7892,0,100.5945,0.0136,0,0.0136,0.0816,1.3594,0.1359,0.4078,24.4689,0.4078,0.4078,0,1.3594,496.1755,100.5945,428.2063,0,0,24.4689,1.0875,0.1631,1.3594,8.4962,0.4078,1.2234,0,0,42.1409,0.5438,2.4469,0,0,0.0544,0,22.7017,0.2719,0.2855,0,0.4078,1.0875,0,0,0,0.1359,12.5063,0,0,107.2555,0.2719
Prawns,"Cooked Prawns, 160 g",8.6821,673.033,110.5697,1.1217,0,25.3189,0,0,0,0,6.4098,91.3402,0,243.5739,1209.857,0.1923,0.2243,0.0641,0.4166,0,1.1217,0.9615,16.0246,0,0,0.4807,20.832,112.1722,110.5697,469.5206,0,0,46.4713,0,0.0481,987.1151,10.0154,0.641,5.7689,0,0,201.9099,0.3205,25.3189,0,0.0801,0.1923,48.0738,0,0,0,0,4.0061,0,0,0,3.0447,0,0,0,4.1664,133.3246,1.6025
Raisins,"Handful of Dried Raisins, 15 g",0.2417,18.74,42.4774,0.0625,10.8224,0.328,0,0,1.874,0,0.3123,7.1837,10.8224,0,1.4055,0,0.0172,0.0172,0.0609,0.3123,0.0625,0.5934,1.5617,5.4346,5.3878,0,0.1562,159.2903,42.4774,180.9975,0,0,5.4658,5.419,0.0469,9.37,0.976,0.5934,0.1249,5.4034,0,11.8687,0.0156,0.328,0,0.0078,0.0172,1.2493,0,0,0.0187,1.874,0.0469,10.8224,0,0.3123,0,0.0469,0.1562,0,0.1093,2.0614,0.1093
Bacon,"1 Unsmoked Bacon Rasher, 25 g",1.477,114.4981,74.9216,5.7,0,5.8991,0,0,0,0,0.9956,1.9913,0,19.9127,455.5031,2.3845,0.0846,0.6596,0.0174,0,5.7,0.1742,0.7467,0,0,0.0747,1.7424,84.629,74.9216,310.8871,0,0,5.2271,0,0.0025,370.8741,1.5557,0.0996,2.8127,0,0,47.2927,0.2987,5.8991,0,0.0398,2.1083,2.9869,0,0,0.1917,0,0.9459,0,0.0274,0,0.1493,0.1991,0,0.1469,0.0249,12.1219,0.4978
Raspberries,"About 25 Raspberries, 100 g ",7.547,585.0409,25.1739,0.3021,4.632,1.4097,0,0,6.041715,0,2.013905,25.173855,4.63199,0,22.15304,0.030175,0.060435,0.1309,0.100725,2.51736,0.30209,0.704905,33.22956,2.41672,1.91318,0,9.062615,171.18235,25.173855,109.75812,0,0,19.13214,4.63199,0.402815,3.0209,6.293485,0.704905,0.805545,0,0,31.21557,0.201365,1.409725,0,0.05032,0.01003,1.006995,0,0.201365,0.030175,6.041715,0.201365,4.63199,0,1.006995,0,0.100725,32.222565,0,0.503455,87.60508,0.30209
White Rice,"Boiled Rice, 100 g",4.156,322.169,141.7593,0.4329,0,3.03,0,0,0,0,1.08213,8.65704,33.65432,0,90.89906,0.12985,0,0.12985,0.07574,0,0.43288,0,4.32852,0,0,0,0,12.98556,141.75931,605.99392,0,0,5.41065,0,0.31381,11.90343,6.43867,0,1.29857,0,0,30.29971,0.21644,3.02995,0,0,0.119,5.41065,33.65432,0,0,0,0.5411,0,0,0,0,0,0,0,0,73.80142,0.43288
Rolls,"1 White Bread Roll, 75 g",1.5993,123.9757,195.9122,2.6785,2.4489,7.1171,0,0,0,0,0.7653,140.81185,38.3406,0,612.22545,0.8954,0.09185,0.7423,0.0995,1.45405,2.6785,1.1479,20.6626,0.2296,0.2296,0,3.06115,110.96585,195.91215,832.62665,0,2.06625,17.6015,2.4489,0.38265,298.4599,4.3621,1.1479,3.2142,0,0,75.7629,0.3061,7.1171,0,0.05355,0.77295,4.5917,35.8152,0,0.16835,0,1.22445,2.4489,0.05355,0,0,0,0,0,0.15305,27.24405,0.68875
Salmon,"1 Grilled Fillet, 130 g",7.4304,576,308.6603,20.1469,0,31.7701,0,0,0,1.2915,2.5829,14.2061,0,92.9855,111.066,7.9813,4.2748,1.0203,0.0646,0,20.1469,0.5166,11.6232,0,0,0.2583,18.0805,532.0838,308.6603,1285.0083,0,0,38.744,0,0.0646,63.2818,8.0717,0.2583,16.5308,0,0,338.364,1.9372,31.7701,23.2464,0.1291,3.7065,25.8293,0,0,0.2712,1.2915,5.0367,0,0,23.2464,4.391,0.2583,0,10.1122,5.0367,78.0045,0.7749
Pork Sausages,"2 Grilled Sausages, 130 g",7.7559,601.2323,338.52,23.2651,2.6141,18.4291,0,0,0,0,6.535116,143.77293,14.63868,69.272406,1202.464683,9.711198,0.261387,3.097647,0.143766,2.483334,23.265081,1.568448,5.228118,0,0.914949,0.653499,10.456236,248.335101,338.519979,1408.974903,0,1.829835,19.605411,2.614059,0.261387,784.216125,8.168895,0.914949,6.665841,0,0,287.545923,1.176336,18.429075,0,0.169911,8.913933,7.842177,12.024621,0,0,0,3.006171,2.614059,0.209097,0,1.306998,0.130725,6.535116,1.267812,1.045611,74.369799,1.96056
Strawberry,100 g,0.8385,65,31.9432,0.5324,6.4951,0.6389,0,0,0,0,1.0648,18.1012,6.4951,0,66.016,0.1065,0.1065,0.1597,0.0319,1.0648,0.5324,0.3194,64.9512,3.3008,3.1943,0,1.0648,181.0117,31.9432,134.1616,0,0,12.7773,6.4951,0.3301,1.0648,6.6548,0.3194,0.7453,0,0,27.6841,0.4259,0.6389,0,0.0213,0.0532,0,0,0,0.0213,0,0.1065,6.4951,0,0,0,0,60.5857,0,0.4259,97.5333,0.1065
Swede,"Boiled Swede, 100 g",1.8576,144,10.9284,0.0998,2.1861,0.2982,0,0,15.6117,0,0,2.46,0.2176,0,0.8515,0.0009,0.0038,0.0009,0,0.0662,0.0095,0.0095,1.7031,0.0852,0.1135,0,0.1892,8.137,1.0408,4.3524,0,0,0.3785,0.2082,0.0095,1.3246,0.5914,0.0095,0.1041,0,0,1.0408,0.0095,0.0284,0,0.0009,0.0009,0.0946,0.0095,0.0095,0.0123,15.6117,0,0.2082,0,2.6493,0,0,1.4192,0,0,9.0643,0.0095
Tomato,1 Fresh Regular Tomato,0.9495,73.6023,22.1598,0.1583,4.7485,0.7914,0,0,527.0876,49.0682,1.5828,12.6628,4.7485,0,132.959,0.0475,0,0.1108,0.0475,1.5828,0.1583,0.3166,36.4054,2.5326,2.216,0,3.1657,352.9746,22.1598,96.5536,0,0,12.6628,4.7485,0.1899,3.1657,9.8928,0.3166,1.108,0,0,34.8226,0.4749,0.7914,0,0.0158,0.0475,0,0,0,0.0633,552.4131,0.1583,4.7485,0,91.805,0,0.1583,35.2975,0,0.7914,149.7372,0.1583
Cherry Tomatoes,"About 10 Greenhouse Tomatoes, 160g",4.7789,370.4599,35.528,0.8075,5.8137,1.7764,0,0,747.70239411,51.6770553165,3.2298159573,16.1490797864,5.8136687231,0,153.4162579707,0.1937889574,0,0.452174234,0.0807453989,1.9378895744,0.8074539893,0.4844723936,38.7577914873,3.2298159573,2.5838527658,0,3.2298159573,442.4847861471,35.5279755301,151.8013499921,0,0,19.3788957437,5.8136687231,0.1937889574,6.4596319146,10.0931748665,0.4844723936,0.8074539893,0,0,50.0621473378,0.3229815957,1.7763987765,0,0.0322981596,0.1614907979,0,0,0,0.0807453989,773.5409217682,0.3229815957,5.8136687231,0,129.1926382911,0,0.1614907979,24.2236196796,0,1.4534171808,147.6025892476,0.3229815957
Tuna,"Tinned Tuna, 80g",2.7167,210.6,88.9563,0.8161,0,20.3212,0,0,0,0,2.4483,8.1611,0,38.3573,399.8953,0.1387,0.2612,0.0653,0.0571,0,0.8161,1.2242,2.4483,0,0,0.4897,9.7934,187.706,88.9563,375.4119,0,0,22.035,0,0.0082,239.1211,5.1007,0.7345,13.4659,0,0,139.5553,0.1632,20.3212,21.2189,0.0898,0.2448,56.3118,0,0,0,0,3.2645,0,0,21.2189,2.7748,0.2448,0,0.8977,0.3264,60.6372,0.7345
Yoghurt,"Yogurt Pot, 165 g",3.0438,235.95,160.9557,4.978,23.2307,6.4714,0,0,0,0,1.6593,202.4392,24.0604,4.978,297.0214,1.1118,0.0332,0.0996,0,0.1659,4.978,0.1659,9.956,2.9868,4.6461,0,44.8021,282.0874,160.9557,680.3283,5.6417,0.3319,21.5714,12.9428,0,96.2416,10.5866,0.1659,1.3275,10.122,0.9956,159.2964,0.6637,6.4714,59.7361,0.2655,3.3353,3.3187,0.9956,8.6286,0.1991,0,0.9956,23.2307,0.1162,59.7361,0.4978,0,0,0.0996,0.3319,131.0877,0.6637
Yorkshire Pudding,"Baked from Frozen, 50 g",3.1012,240.4049,135.1359,4.7004,1.6647,4.1128,0,0,2.9377,0,2.4481,59.734,20.3683,28.3981,471.5069,1.8116,0.1861,0.7834,0.0245,0.7834,4.7004,0.3917,6.3651,0,0,0,11.2613,88.6218,135.1359,569.9212,1.6158,0,8.8132,1.6647,0.0979,195.8492,3.0601,0.3917,1.0282,0,0,61.6925,0.2938,4.1128,13.2198,0.1077,0.4896,1.4689,18.7036,0.049,0.0441,2.9377,0.6365,1.6647,0.0098,13.7094,0.4407,0.049,0.3427,0.1224,0.7834,18.9974,0.3427
